t_ms,raw,volts,ohms,ax,ay,az,gx,gy,gz
560415,3758.3,3.029,896,0.08,-0.99,-0.007,1.3,4.8,-0.3
560465,3757.4,3.028,899,0.071,-1.001,-0.004,1.6,-5,-0.8
560515,3758.8,3.029,894,0.135,-0.994,0.033,3.8,-1.6,-1.2
560565,3760.1,3.03,891,0.088,-1,0.028,1.6,1.4,-1.3
560615,3760.2,3.03,890,0.102,-0.987,-0.01,0.2,2.9,2
560665,3760.3,3.03,890,0.065,-1,-0.031,-7.2,6.2,5.3
560715,3759.3,3.029,893,0.084,-1.004,-0.029,-12.6,-11.1,10.6
560765,3756.8,3.027,900,-0.02,-0.972,-0.031,-15.5,-21.8,10.8
560815,3755.6,3.026,904,0.137,-1.046,0.069,-8.3,-58.8,-0.6
560865,3756.7,3.027,901,0.189,-0.99,0.019,-3.1,21.7,3.8
560915,3756.4,3.027,901,0,-0.998,-0.1,-7.8,49.8,5.7
560965,3757.2,3.028,899,0.018,-0.98,-0.115,-18.1,-7.1,6.2
561015,3755.9,3.027,903,0.033,-1.008,-0.125,-28.5,-22.5,5.1
561065,3754.6,3.026,907,0.121,-1.007,-0.043,-22.8,18.8,2.8
561115,3754.4,3.026,907,0.037,-1.032,-0.126,-23.2,17.5,-4.3
561165,3753.2,3.025,911,0.099,-0.973,-0.157,-24.6,27,-5.7
561215,3751.8,3.023,915,0.037,-1.037,-0.183,-28.3,-9.6,-8.2
561265,3748.1,3.02,926,0.121,-1.029,-0.148,-34.1,-20.9,-10.1
561315,3746.3,3.019,931,0.131,-0.987,-0.224,-43.7,8.3,-5.9
561365,3743.7,3.017,938,0.003,-0.993,-0.277,-54.1,35.8,-9.7
561415,3742.4,3.016,942,0.177,-0.985,-0.312,-41.2,17.4,-11.3
561465,3740.8,3.015,947,0.09,-1.035,-0.32,-41.9,16.3,-40.3
561515,3739.1,3.013,952,0.242,-0.804,-0.385,-29.3,-6.5,-22.3
561565,3739.4,3.013,951,0.038,-0.951,-0.324,-27.7,48.3,-27.9
561615,3737.9,3.012,955,0.383,-0.761,-0.326,-12,29.8,-25.7
561665,3735.1,3.01,964,0.201,-0.972,-0.44,-15.9,53.7,-32.6
561715,3732.9,3.008,970,0.33,-0.735,-0.319,-9.7,12.9,-28.3
561765,3731.4,3.007,975,0.274,-0.92,-0.349,4.3,63,-17.9
561815,3732.1,3.008,972,0.445,-0.801,-0.329,7,57.3,-33.5
561865,3731.7,3.007,974,0.305,-0.745,-0.371,40,40.6,-2.7
561915,3733.6,3.009,968,0.372,-0.927,-0.249,44.3,90.4,-18.2
561965,3731.9,3.007,973,0.403,-0.597,-0.019,56.4,-0.5,-12.7
562015,3729.9,3.006,979,0.447,-0.872,-0.052,66.1,74.8,17.3
562065,3729.4,3.005,980,0.555,-0.93,0,46.8,77.7,-3.8
562115,3730.6,3.006,977,0.359,-0.968,0.025,51.2,-18.3,20.3
562165,3727.8,3.004,985,0.532,-0.842,0.113,38.9,67.1,15.1
562215,3725.9,3.003,991,0.597,-0.947,0,24.4,19.8,9.2
562265,3728.7,3.005,982,0.13,-0.977,0.072,8.8,-20.4,20.9
562315,3726.9,3.003,988,0.804,-0.736,0.195,19.6,5.7,10.9
562365,3728.8,3.005,982,0.035,-1.055,0.041,-2.9,22.6,16.3
562415,3726.6,3.003,989,0.582,-0.718,0.205,11.3,-2.6,5.5
562465,3726.2,3.003,990,0.298,-1.145,0.002,7.6,3.4,14.8
562515,3727.5,3.004,986,0.376,-0.897,0.138,-12.9,23.2,-18.7
562565,3728.3,3.004,984,0.408,-0.923,0.093,18.7,-57.6,5.5
562615,3729.3,3.005,981,0.269,-1.044,0.186,7.7,23,-8.2
562665,3727.4,3.004,986,0.613,-0.858,0.156,32.8,-3.1,-21.1
562715,3727.4,3.004,986,0.139,-0.969,0.014,28.4,0.2,-0.6
562765,3729.6,3.006,980,0.408,-0.95,0.224,26.8,-7.8,-2.1
562815,3727.1,3.004,987,0.364,-0.95,0.187,15.5,-5.3,10.3
562865,3727.8,3.004,985,0.367,-0.882,0.122,6.7,22.9,13.2
562915,3725.3,3.002,993,0.399,-0.915,0.191,6.9,-12.5,4.9
562965,3726.5,3.003,989,0.26,-0.961,0.194,2.4,-6,7.1
563015,3723.8,3.001,997,0.509,-0.804,0.299,12.7,0.8,6.4
563065,3722.9,3,999,0.322,-0.919,0.15,15.1,7.8,2.4
563115,3720.9,2.999,1005,0.422,-0.883,0.289,10.6,-9.2,4
563165,3722.3,3,1001,0.356,-0.916,0.238,11.1,-5.8,2.9
563215,3720.2,2.998,1008,0.346,-0.926,0.205,3.6,-0.6,2.3
563265,3718.8,2.997,1012,0.315,-0.948,0.312,10.9,-20.6,6.4
563315,3716.4,2.995,1019,0.4,-0.899,0.174,6.2,3.5,-6.5
563365,3717.5,2.996,1015,0.385,-0.927,0.33,18.3,-13.6,-4.8
563415,3717.2,2.996,1016,0.346,-0.897,0.212,9.4,-8,-5.1
563465,3716.6,2.995,1018,0.353,-0.904,0.254,6.7,-10.6,0.6
563515,3716.2,2.995,1019,0.357,-0.907,0.243,-3,1,4.3
563565,3717.2,2.996,1016,0.349,-0.874,0.31,-1.7,-10.8,5.5
563615,3717.4,2.996,1016,0.447,-0.912,0.246,4.8,0.2,2.7
563665,3718.5,2.997,1013,0.373,-0.941,0.247,0.2,-13.9,-4.8
563715,3718.8,2.997,1012,0.339,-0.894,0.241,-9.9,-8.2,-0.7
563765,3719.9,2.998,1008,0.302,-0.894,0.222,-17.9,11.1,11.8
563815,3721.4,2.999,1004,0.382,-0.938,0.252,-19,13.6,11.7
563865,3721.3,2.999,1004,0.439,-0.912,0.248,-12.8,-9.4,3.1
563915,3722.6,3,1000,0.239,-0.973,0.249,-8.2,-14.6,3.1
563965,3722.8,3,1000,0.475,-0.901,0.212,-8.5,19,-12.2
564015,3722.8,3,1000,0.334,-0.874,0.225,-3.2,-13.2,-6.1
564065,3724.4,3.001,995,0.312,-0.965,0.251,-1.6,9,-1.8
564115,3724.5,3.001,995,0.408,-0.867,0.16,-6.6,5.9,-1
564165,3726.3,3.003,989,0.344,-0.902,0.201,-7.6,-9.7,4.6
564215,3724.4,3.001,995,0.366,-0.918,0.194,-6.7,-9.3,4.8
564265,3725.9,3.003,991,0.314,-0.947,0.172,-11.8,9.7,5.9
564315,3725.4,3.002,992,0.354,-0.878,0.202,-13.4,-4.1,7.6
564365,3725.9,3.003,991,0.357,-0.887,0.157,-2.5,-11.6,12.5
564415,3724.6,3.002,994,0.287,-0.97,0.106,-19.3,25.8,0.4
564465,3724.4,3.001,995,0.376,-0.918,0.175,-15.3,-16.9,3.8
564515,3722.4,3,1001,0.265,-0.929,0.117,-19.5,0.6,15.1
564565,3723.8,3.001,997,0.346,-0.958,0.11,-25.9,19,4.4
564615,3725.3,3.002,993,0.273,-0.942,0.094,-23.6,-14.8,15.8
564665,3724.6,3.001,995,0.263,-0.976,0.117,-30.7,20.6,8.5
564715,3724.2,3.001,996,0.312,-0.871,0.02,-15,-44.3,14.2
564765,3724.1,3.001,996,0.221,-1.034,0.024,-28.5,14.7,11.3
564815,3724.8,3.002,994,0.318,-0.912,0.015,-29.5,-25.2,6
564865,3725,3.002,993,0.192,-1.032,-0.042,-25.6,-31.5,18.9
564915,3725.2,3.002,993,0.295,-0.98,0.003,-36.9,-7.2,-0.6
564965,3724.2,3.001,996,0.305,-0.865,-0.017,-30.8,-25.8,11.1
565015,3726.3,3.003,990,0.23,-1.034,-0.034,-29.6,-8.9,16.7
565065,3725.3,3.002,993,0.243,-0.948,-0.028,-26,-28,3.6
565115,3724.7,3.002,994,0.303,-0.902,-0.139,-11,-44.3,21.1
565165,3725.3,3.002,992,0.118,-1.06,-0.136,-19.1,13.9,15.8
565215,3724.1,3.001,996,0.381,-0.849,-0.197,-18.9,-25.8,24.9
565265,3726.3,3.003,989,-0.019,-1.07,-0.24,-35.2,1,10.3
565315,3726.1,3.003,990,0.326,-0.848,-0.192,-23.5,-13.4,20.9
565365,3726.6,3.003,989,0.052,-1.086,-0.242,-35.4,-2.3,3.8
565415,3726.9,3.003,988,0.139,-0.835,-0.298,-13.9,2.5,9.1
565465,3726.9,3.003,988,0.076,-1.065,-0.218,-8.3,-8.1,4.9
565515,3727.4,3.004,986,0.131,-0.977,-0.229,-2.7,-23.2,0.8
565565,3729,3.005,981,0.104,-0.888,-0.327,-6.8,-18.7,0.7
565615,3730.6,3.006,977,0.002,-1.041,-0.355,4.8,-59.5,-1.1
565665,3730.6,3.006,977,0.173,-0.829,-0.311,1.8,-12.9,21.7
565715,3729.3,3.005,981,0.063,-0.913,-0.366,-6.2,-1.5,8.4
565765,3731.9,3.007,973,0.203,-0.87,-0.42,-0.4,-5.7,18.2
565815,3732.3,3.008,972,0.036,-1.141,-0.34,-10.1,-15.9,10.5
565865,3732.1,3.008,972,0.213,-0.865,-0.384,-5.5,17.5,20
565915,3731.2,3.007,975,0.002,-0.977,-0.402,-3.8,6.2,12
565965,3732.9,3.008,970,-0.166,-0.971,-0.354,-0.6,-13.2,0.5
566015,3733.1,3.008,970,0.061,-0.996,-0.295,7,-26.9,9.2
566065,3733.2,3.008,969,-0.066,-1.066,-0.256,1,4.7,7.6
566115,3733.9,3.009,967,-0.069,-0.906,-0.293,-2,32.8,13.5
566165,3734.1,3.009,967,-0.168,-0.997,-0.261,4.8,48.2,3.6
566215,3734.3,3.009,966,0.025,-0.995,-0.227,12.3,4.1,10.4
566265,3733.7,3.009,968,0.01,-0.921,-0.305,0,31.3,4
566315,3734.4,3.009,966,-0.025,-0.911,-0.283,-3.7,52.1,-0.4
566365,3734.4,3.009,966,-0.058,-0.967,-0.309,7.8,19.1,-2.3
566415,3733.6,3.009,968,-0.02,-0.969,-0.288,15.1,3.2,-3.5
566465,3735.1,3.01,964,0.006,-0.836,-0.266,2.7,2,-18.1
566515,3734.3,3.009,966,0.082,-0.904,-0.333,6.8,2.8,-6.2
566565,3734.1,3.009,966,0.061,-1.003,-0.342,5.7,-3.4,-15.4
566615,3733.8,3.009,967,0.1,-0.95,-0.312,-5.4,5.5,-9.4
566665,3732.8,3.008,970,0.033,-1.024,-0.33,-9.8,-1.7,-23.2
566715,3733.1,3.008,969,0.114,-1.011,-0.346,-15.1,-6.4,-25.7
566765,3730.6,3.006,977,0.129,-0.935,-0.322,-15.1,-19.8,-27.7
566815,3731.6,3.007,974,0.097,-0.959,-0.287,-22,-2.3,-38.3
566865,3730.6,3.006,977,0.203,-0.9,-0.353,-18.1,-5.7,-33
566915,3729.6,3.006,980,0.177,-0.86,-0.339,-12.7,-3.1,-29.4
566965,3730,3.006,979,0.28,-0.852,-0.345,-3.2,6.9,-30.2
567015,3728.4,3.005,983,0.161,-0.806,-0.353,2.5,-5.7,-34.2
567065,3729.9,3.006,979,0.235,-0.877,-0.317,17.8,2.9,-21.5
567115,3728.9,3.005,982,0.424,-0.893,-0.329,15.6,43,-36.5
567165,3729.9,3.006,979,0.283,-0.869,-0.431,19.1,5.7,-21
567215,3730,3.006,979,0.407,-1.015,-0.315,14.4,42.4,-36.5
567265,3730.2,3.006,978,0.356,-0.998,-0.331,14.1,7.5,-48.5
567315,3730.4,3.006,977,0.494,-0.854,-0.25,0.1,-10,-43.5
567365,3728.1,3.004,984,0.335,-0.839,-0.289,-22.8,-5,-37.9
567415,3729.3,3.005,981,0.413,-0.718,-0.196,-8.1,17.6,-21.4
567465,3730.4,3.006,977,0.433,-0.619,-0.227,26.5,36.8,-5.4
567515,3729.2,3.005,981,0.465,-0.66,-0.205,58.2,40.7,4.6
567565,3728.4,3.005,983,0.467,-0.817,-0.144,64.3,32.7,2.6
567615,3727.6,3.004,986,0.494,-0.915,-0.015,59.4,11.1,8.5
567665,3727.8,3.004,985,0.443,-0.87,0.036,40.9,48.9,21.6
567715,3727.4,3.004,986,0.56,-0.878,0.078,39.2,11.7,18
567765,3728.3,3.004,984,0.454,-0.959,0.005,31.5,0.9,15.8
567815,3727.8,3.004,985,0.434,-0.952,0.092,29.7,-19.3,12.6
567865,3728.3,3.004,984,0.566,-0.904,0.017,35.3,-45.6,6.4
567915,3728.8,3.005,982,0.364,-1.013,0.048,12.9,11.6,-11.1
567965,3728.8,3.005,982,0.549,-0.886,0.247,25.7,-32.5,-10.9
568015,3729.1,3.005,981,0.517,-0.874,0.125,22.5,41.2,-20.3
568065,3728.7,3.005,982,0.339,-0.99,0.061,28.3,49.1,-19.8
568115,3730.1,3.006,978,0.447,-0.901,0.169,26.9,8.8,-19.2
568165,3727.3,3.004,987,0.479,-0.868,0.203,22.6,22.8,-20.6
568215,3726.9,3.003,988,0.351,-0.894,0.203,26.1,9.2,-2.3
568265,3725.4,3.002,992,0.354,-0.833,0.124,5.7,27.2,18.8
568315,3724.1,3.001,996,0.349,-0.91,0.053,0,3.8,12.1
568365,3721.6,2.999,1003,0.388,-0.857,0.251,6.1,-2.9,7.9
568415,3719.8,2.998,1009,0.559,-0.85,0.353,23.3,2.4,0.3
568465,3719.6,2.997,1009,0.513,-0.892,0.24,27.4,-11.3,-2.5
568515,3720.8,2.998,1006,0.404,-0.852,0.335,33.3,11.3,-8.5
568565,3719,2.997,1011,0.474,-0.863,0.242,27.4,6.2,-12.6
568615,3718.9,2.997,1011,0.426,-0.775,0.394,30.5,-18.1,-0.8
568665,3720.1,2.998,1008,0.42,-0.877,0.278,25.5,2.7,0.6
568715,3719.4,2.997,1010,0.528,-0.802,0.432,32.8,-29.8,9.7
568765,3720.7,2.998,1006,0.489,-0.81,0.328,23.2,-11,7.2
568815,3719.1,2.997,1011,0.48,-0.781,0.375,21.1,-20.8,10.1
568865,3717.8,2.996,1015,0.503,-0.802,0.38,12.2,-21.6,5.7
568915,3717.6,2.996,1015,0.48,-0.834,0.387,21.1,-24.9,12.9
568965,3717.7,2.996,1015,0.404,-0.773,0.354,0.2,-4,16.3
569015,3716.2,2.995,1019,0.513,-0.828,0.369,-3.7,-8.5,21.7
569065,3714.7,2.994,1024,0.452,-0.836,0.372,-5.5,-21,23.5
569115,3715.8,2.994,1020,0.424,-0.84,0.297,-15.1,-4.9,18.7
569165,3717.3,2.996,1016,0.478,-0.871,0.345,-17.3,-3.1,18.8
569215,3718.9,2.997,1011,0.364,-0.883,0.318,-28.3,-3.8,17.4
569265,3719.3,2.997,1010,0.432,-0.862,0.361,-34.2,2,11.6
569315,3721.7,2.999,1003,0.437,-0.889,0.319,-26.3,2.2,5.1
569365,3723.9,3.001,996,0.452,-0.846,0.322,-14.6,-0.3,4.6
569415,3722.1,2.999,1002,0.326,-0.91,0.305,-8,2.8,3
569465,3723.8,3.001,997,0.389,-0.915,0.297,-10.8,2.9,1.5
569515,3723.6,3.001,997,0.358,-0.887,0.237,-6.8,-1.3,4.8
569565,3724.5,3.001,995,0.341,-0.886,0.252,-10.9,-2,7.4
569615,3723.1,3,999,0.345,-0.927,0.278,-14.1,1.2,0.6
569665,3722.2,3,1002,0.441,-0.867,0.262,-4.9,-3.6,1.4
569715,3721.5,2.999,1004,0.332,-0.885,0.231,-5.2,1.3,7.6
569765,3718.7,2.997,1012,0.377,-0.915,0.234,-7.8,-0.2,5.4
569815,3720.1,2.998,1008,0.329,-0.892,0.231,-12.7,-18.3,14.5
569865,3719.2,2.997,1010,0.344,-0.888,0.185,-18.8,10.9,18.3
569915,3719.8,2.998,1009,0.322,-0.924,0.157,-22,6.9,18.3
569965,3719.4,2.997,1010,0.328,-0.897,0.147,-23.4,-15.8,25.4
570015,3719.9,2.998,1008,0.272,-1,0.195,-27.8,7.8,28.5
570065,3720.4,2.998,1007,0.312,-0.962,0.141,-25.3,-6.4,21.5
570115,3719.9,2.998,1008,0.223,-1.012,0.068,-27.9,15.4,26
570165,3721.4,2.999,1004,0.37,-0.984,0.139,-21.9,24.5,14.1
570215,3723.2,3,999,0.145,-1.077,0.113,-23.4,-13.1,14.8
570265,3721.9,2.999,1003,0.331,-0.854,0.081,-20.9,21.4,12.7
570315,3723.8,3.001,997,0.146,-1.076,0.16,-12.7,-10.7,18.3
570365,3725.4,3.002,992,0.2,-0.983,0.04,-12.6,3.5,12.6
570415,3724.9,3.002,994,0.228,-1.03,0.052,-12.3,-12.5,16.1
570465,3724.2,3.001,996,0.054,-1.033,0.052,-13.9,-18.6,-2.5
570515,3724.9,3.002,993,0.151,-0.984,0.036,-13.6,-23.4,16.7
570565,3727.6,3.004,986,0.114,-1.085,-0.023,-6,-11.2,5.1
570615,3727,3.003,987,0.069,-0.999,-0.04,-15.3,0.1,-4.5
570665,3728.5,3.005,983,0.098,-0.944,-0.074,-4.4,-6.4,12.1
570715,3729.6,3.006,980,0.148,-1.056,-0.043,-6.5,-11.4,3.5
570765,3730.6,3.006,977,0.041,-0.919,-0.102,-3.8,-1.3,8.8
570815,3733.5,3.009,968,0.143,-1.023,-0.052,-3.2,-7.3,11.3
570865,3733.7,3.009,968,0.049,-0.998,-0.078,-4.7,-7.6,7.6
570915,3735.7,3.01,962,0.115,-0.972,-0.059,0.7,5,10.1
570965,3735.1,3.01,963,0.102,-1.039,-0.058,-2.3,2.1,8.5
571015,3737.8,3.012,956,0.094,-0.974,-0.128,-4.8,16.5,8.8
571065,3737.8,3.012,956,0.08,-1.064,-0.014,-3.3,1.3,6.3
571115,3738.4,3.013,954,0.067,-0.967,-0.069,4.6,-3.6,6.7
571165,3738.8,3.013,953,0.029,-1.03,-0.071,5.4,-9.2,0.7
571215,3740.3,3.014,948,0.073,-0.964,-0.071,8.4,-23.5,6.7
571265,3741,3.015,946,0.043,-1.008,-0.077,2.9,-9.8,3.2
571315,3741.4,3.015,945,0.057,-1.004,-0.061,2.7,-11.3,5
571365,3742.4,3.016,942,0.072,-1.038,-0.087,0.8,-0.8,1.5
571415,3742.4,3.016,942,-0.004,-0.996,-0.07,0.3,6.9,3.8
571465,3743.3,3.017,940,0.053,-1.012,-0.06,3.2,2.1,-1.8
571515,3742.9,3.016,941,0.02,-1.015,-0.012,5.7,-17.1,-5.6
571565,3744.8,3.018,935,0.036,-0.985,-0.038,8.5,-21.1,-7.8
571615,3745.6,3.018,933,0.034,-1.007,-0.042,0.7,-5,-5
571665,3746.7,3.019,930,0.076,-1.026,-0.016,2.9,-8.5,-8.4
571715,3746.4,3.019,931,0.042,-0.991,-0.038,2.7,-9.7,-3.8
571765,3744.8,3.018,935,0.044,-0.991,-0.045,6,-2,-4.6
571815,3744.4,3.017,936,0.097,-1.009,-0.031,1.2,2.7,-3.6
571865,3745.8,3.019,932,0.052,-1.022,0.02,3.6,-10.7,-7.3
571915,3747.4,3.02,927,0.083,-0.998,0.008,9.4,-27.6,-9.8
571965,3746.8,3.019,929,0.098,-0.997,-0.012,12.6,-30.2,-10.6
572015,3746.4,3.019,930,0.082,-0.979,-0.03,10.8,-16.2,-5.4
572065,3747.4,3.02,927,0.111,-0.997,-0.006,5.2,-0.8,-2.8
572115,3747.3,3.02,928,0.121,-1.003,0.026,4.3,-2.7,1
572165,3746.4,3.019,931,0.11,-0.992,0.015,3.7,-5.6,1.6
572215,3747.7,3.02,927,0.108,-0.993,-0.017,2.5,1.3,4.5
572265,3746.9,3.019,929,0.075,-1.004,0.02,-1.3,7.5,7.1
572315,3748.3,3.021,925,0.093,-1.005,0.009,2.5,8,3
572365,3748.1,3.02,926,0.087,-0.997,0.02,1,6.4,3.6
572415,3747.5,3.02,927,0.076,-0.998,0.012,-0.7,6.3,3.1
572465,3749.6,3.022,921,0.048,-0.996,0.007,-0.6,-5.3,2.4
572515,3749.1,3.021,923,0.076,-1.004,0.008,0.7,-5.5,3.1
572565,3748.1,3.02,925,0.074,-0.998,0.007,0.6,-0.8,1.9
572615,3748.2,3.021,925,0.086,-1.006,0.01,-2,0.8,1.8
572665,3748.5,3.021,924,0.047,-0.999,-0.016,-6,4,3.2
572715,3748.6,3.021,924,0.041,-1.012,0.006,-4.8,8.2,2.5
572765,3748.8,3.021,924,0.06,-1.005,0.021,-0.1,0.3,0.3
572815,3748.8,3.021,923,0.06,-0.996,0.026,-0.3,-0.9,2
572865,3748.2,3.021,925,0.074,-1.009,0.027,-0.3,4.9,2.2
572915,3748.9,3.021,923,0.065,-1.005,0.032,0.2,6.8,3
572965,3749.1,3.021,923,0.046,-1.01,0.019,-2.7,12.9,2.9
573015,3747.3,3.02,928,0.04,-0.996,0,-10,21.6,6.9
573065,3747.7,3.02,927,0.024,-1.038,0.004,-11.4,21.8,4.4
573115,3750.2,3.022,919,0.033,-1.009,0.007,-7.6,-0.1,0.6
573165,3748.6,3.021,924,0.039,-1.011,-0.024,-4.3,-4.1,3.2
573215,3750.1,3.022,920,0.052,-1.003,-0.012,-1.5,-1.2,1.5
573265,3750,3.022,920,0.026,-0.983,-0.016,-1.3,2.7,3.6
573315,3749.5,3.022,921,0.026,-1.001,-0.042,-2.1,9.7,3.3
573365,3750.7,3.023,918,0.01,-1.013,-0.033,-1.8,5.5,3.4
573415,3750.9,3.023,917,0.017,-1.011,-0.038,-0.1,3.9,1.4
573465,3749,3.021,923,0,-0.999,-0.052,-0.6,-3,-0.4
573515,3751.1,3.023,917,0.023,-1.004,-0.045,-0.8,-9.7,-3.6
573565,3749.3,3.021,922,0.019,-1.007,-0.017,0.2,-8.1,-2.1
573615,3750.7,3.023,918,0.019,-0.998,-0.008,2.5,-8.1,-4.2
573665,3750,3.022,920,0.053,-1.006,-0.008,2,-6.7,-4
573715,3748.6,3.021,924,0.033,-1.01,-0.014,0.5,-5.1,-3.8
573765,3749.4,3.021,922,0.023,-0.998,-0.017,1.9,-16.7,-3.8
573815,3749.7,3.022,921,0.046,-1.003,-0.019,2.2,-15.5,-2.9
573865,3748.8,3.021,923,0.042,-1.002,-0.021,2.2,-15.3,-1.7
573915,3750.6,3.022,918,0.037,-1.009,-0.02,3.6,-15.5,-2.2
573965,3751.3,3.023,916,0.055,-1.005,-0.04,6.1,-11.9,-1.6
574015,3750.1,3.022,920,0.037,-1.004,-0.023,4.3,-12,-0.6
574065,3749.1,3.021,923,0.05,-1.01,-0.011,4.8,-9.9,-1
574115,3750.3,3.022,919,0.041,-1.018,0.007,6.2,-4.6,1.1
574165,3749.6,3.022,921,0.035,-1.001,-0.007,6.3,-1.8,1.1
574215,3750.1,3.022,920,0.06,-1.007,0.036,2.4,6.4,1
574265,3752.8,3.024,912,0.045,-1.015,0.013,0.6,-1.5,-0.5
574315,3750.7,3.023,918,0.058,-1.004,-0.002,-0.4,-2.2,0.7
574365,3751,3.023,917,0.047,-0.99,0.008,-1.2,6.7,2.2
574415,3751.6,3.023,915,0.054,-0.996,0.007,-1.3,5.5,3.2
574465,3750.4,3.022,919,0.048,-1.004,0.011,-0.7,4.9,2.9
574515,3751.6,3.023,915,0.031,-0.993,0,0.1,4.9,0.2
574565,3751.7,3.023,915,0.032,-1.002,0.007,-1.3,5.3,1.5
574615,3752.3,3.024,913,0.011,-0.998,0.012,-4.3,-1.6,1.9
574665,3751.3,3.023,916,0.028,-0.999,0.008,-5.7,-5.7,0.8
574715,3750.6,3.022,918,0.04,-1.011,-0.001,-3.7,-7.6,-1
574765,3751.6,3.023,915,0.039,-0.996,-0.033,-3.1,-5.6,0.4
574815,3751.6,3.023,915,0.027,-0.997,-0.018,-1.8,-2.6,3.4
574865,3752.3,3.024,913,0.031,-0.999,0.002,0.2,-4.3,2.9
574915,3753.3,3.025,910,0.036,-1.007,0,-0.6,-3.2,1.9
574965,3751.4,3.023,916,0.021,-1.006,-0.003,0,-5.2,3.4
575015,3751.1,3.023,917,0.038,-1.003,-0.021,0.3,0.3,0.8
575065,3752.1,3.024,914,0.011,-1.017,-0.021,0.3,2.7,-1.3
575115,3750.8,3.023,918,0.008,-1.01,0.001,2,3.4,-0.3
575165,3751.5,3.023,916,0.012,-1.019,0.016,-1.8,-4.1,-2.7
575215,3752.5,3.024,913,0.007,-1.011,-0.021,-2.2,-5.9,-3.6
575265,3751.6,3.023,915,0.004,-1.007,-0.013,-3.8,-6.8,-3
575315,3752.2,3.024,914,0.036,-0.993,-0.039,-1.5,-7.7,-3.4
575365,3752,3.024,914,0.013,-0.987,-0.05,0.8,-9.4,1
575415,3751.3,3.023,916,0.035,-1.001,-0.019,5,-6.2,1.1
575465,3749.9,3.022,920,0.026,-0.997,-0.012,6.7,-5.9,1
575515,3751.3,3.023,916,0.021,-1.004,-0.001,4.8,-5.8,1.8
575565,3749.9,3.022,920,0.047,-1.007,0.02,1,-1.8,1.8
575615,3751.6,3.023,915,0.029,-1.007,0.035,-3.2,-7.3,2.1
575665,3750.9,3.023,917,0.024,-1.007,0.009,-5.3,-12,2.7
575715,3750.6,3.022,918,-0.002,-0.998,-0.028,-1.9,-6,4.8
575765,3751.1,3.023,917,-0.002,-1.005,-0.027,1.6,-0.3,5.5
575815,3750.8,3.023,918,0.004,-1.015,-0.014,3.2,4.8,3.2
575865,3753.1,3.024,911,0.014,-1.009,-0.002,3.8,-0.8,0
575915,3751.2,3.023,917,0.007,-1.01,-0.008,2.3,-1.4,-1.6
575965,3751.4,3.023,916,-0.007,-1.005,-0.003,2,-6,-2.2
576015,3750.8,3.023,918,0.015,-1,-0.011,2,-7.6,-2.2
576065,3750.7,3.023,918,0.017,-1.002,-0.002,1.9,-9.7,-0.8
576115,3750.6,3.022,918,0.024,-1.004,-0.001,3.2,-8.5,-1.2
576165,3751.9,3.023,915,0.012,-1.005,0,3.8,-7.8,-0.6
576215,3751.3,3.023,916,0.024,-1.015,0.023,1.5,2.7,0.8
576265,3751.6,3.023,915,0.016,-1.014,0.007,1.4,4.8,-2.8
576315,3751.5,3.023,916,0.009,-1.007,0.021,0.6,0.8,-2.5
576365,3749.3,3.021,922,0,-1.007,0.04,4,-7.9,-4.8
576415,3751.4,3.023,916,0.029,-1,0.006,-0.2,-11,-1.8
576465,3751.4,3.023,916,0.029,-0.996,0.002,-5.1,9.6,0.8
576515,3750.7,3.023,918,0.001,-0.993,0.011,-2.4,2.1,1.3
576565,3751.4,3.023,916,0.014,-1.002,0.019,1.9,-9.5,1.3
576615,3751.3,3.023,916,-0.006,-1.002,0.01,1.4,-9.8,1.8
576665,3751.2,3.023,917,0.01,-1.009,0.015,1.3,-6.7,1.5
576715,3751.3,3.023,916,0.012,-1.009,0.018,1,-5.7,0.1
576765,3751.1,3.023,917,0.009,-1.016,0.008,-0.1,-5.4,-1.3
576815,3750.9,3.023,917,0.008,-1.011,0.014,-1.8,-3.4,-1.1
576865,3751.1,3.023,917,0.023,-1.003,0.007,-2.1,-0.9,-1.1
576915,3753.6,3.025,910,0.02,-1.001,0.011,-2.2,1,-0.2
576965,3752,3.024,914,0.008,-1.004,0.019,-1,-2.5,0.8
577015,3750.9,3.023,917,0.016,-1,0.017,0.6,-3.2,1.1
577065,3751,3.023,917,0.026,-1.008,0.011,-1.5,3.7,2.8
577115,3751.5,3.023,916,0.019,-1.007,0.013,-0.8,3.8,1.5
577165,3750.1,3.022,920,0.004,-1.01,0.013,0.7,-0.1,-0.1
577215,3752.9,3.024,911,0.004,-0.999,0.01,0.8,-2.9,0.7
577265,3750.9,3.023,917,0.004,-1.013,0.01,1,-5.4,0.4
577315,3753.8,3.025,909,0.004,-1.008,0.015,1.5,-4.7,0.3
577365,3751.2,3.023,917,0.024,-1.008,0.015,1.5,-2.2,1.9
577415,3750.9,3.023,917,0,-1.012,0.02,2.3,-2.1,1.1
577465,3751.7,3.023,915,0.018,-1.012,0.015,2.3,-3.3,1.8
577515,3753.6,3.025,910,-0.004,-1.003,0.019,2.7,2,1.6
577565,3752.1,3.024,914,-0.003,-1.008,0.013,1.5,2.4,2
577615,3752.4,3.024,913,-0.021,-0.995,0.016,1,2.9,1.8
577665,3752.3,3.024,913,0.001,-0.999,0.013,0.8,-0.6,1.9
577715,3750,3.022,920,-0.018,-0.993,0.028,2.6,-6.4,0.1
577765,3752.1,3.024,914,-0.01,-0.994,0.025,1.1,-7.9,1.2
577815,3752.8,3.024,912,-0.019,-1.013,0.025,-1,-7.8,-1.5
577865,3752.3,3.024,913,-0.008,-1.017,0.039,-1.1,-8.8,-3.4
577915,3752.7,3.024,912,0.004,-1.015,0.029,-1.3,-11.3,-5.1
577965,3751.6,3.023,915,0.021,-0.984,0.009,-3.5,-16.2,-2.5
578015,3751.4,3.023,916,0.019,-0.985,0.01,-3.4,-20.1,2.8
578065,3751.5,3.023,916,0.048,-0.986,0.012,1.3,-21.9,7.8
578115,3752.7,3.024,912,-0.003,-0.984,0.006,-1.3,-9.6,12
578165,3750.7,3.023,918,-0.029,-1.009,0.029,-3,-2.6,13.9
578215,3750.8,3.023,918,0.013,-1.029,-0.018,-5.7,10.1,9.5
578265,3752.1,3.024,914,-0.071,-1.017,0.005,-7.3,7.6,11.6
578315,3752.4,3.024,913,-0.025,-1.019,0.014,-2.2,-0.9,7.1
578365,3751.6,3.023,915,-0.089,-1.014,0.02,3,-12.8,5.2
578415,3748.8,3.021,924,-0.033,-1.001,0.013,2.9,-18.3,3.6
578465,3751.4,3.023,916,-0.081,-1.017,0.001,0.8,-7.6,3.4
578515,3751.6,3.023,915,-0.064,-1.024,-0.005,2.7,-10.4,0.7
578565,3752.4,3.024,913,-0.087,-1.008,-0.006,0.8,-7.2,-1.4
578615,3752.2,3.024,914,-0.05,-1.024,0.014,2.5,-7.2,-5.7
578665,3752.4,3.024,913,-0.046,-0.997,0.015,3.4,-1.5,-4.1
578715,3750.1,3.022,920,-0.065,-0.996,0.026,2.2,2,-3
578765,3752.9,3.024,912,-0.039,-0.991,0.042,0.3,1.4,-0.3
578815,3752.1,3.024,914,-0.042,-0.998,0.039,0,-1,1.5
578865,3751.9,3.024,914,-0.043,-0.976,0.021,-0.9,6.1,1
578915,3752,3.024,914,-0.06,-0.995,0.02,-0.1,7.8,2
578965,3752.8,3.024,912,-0.061,-1.007,0.037,-1.3,1.3,0.2
579015,3751.9,3.024,914,-0.069,-1.012,0.033,-2.3,-5,-0.2
579065,3752.6,3.024,912,-0.073,-1.02,0.007,-3.6,-6.1,-0.2
579115,3751.9,3.024,914,-0.061,-1.002,-0.005,-3.6,-1.8,-0.8
579165,3751.7,3.023,915,-0.05,-0.987,-0.005,-3.6,-2,1.4
579215,3752.7,3.024,912,-0.056,-1.004,0.016,-1.3,-7.5,1.3
579265,3752,3.024,914,-0.059,-1.004,0.004,1.5,-9,0.3
579315,3751.3,3.023,916,-0.052,-1.009,0.01,1.1,-6.2,1
579365,3752.4,3.024,913,-0.054,-1.008,0,1.3,-1.9,0.8
579415,3752.4,3.024,913,-0.083,-1.008,-0.004,-0.8,0,1.9
579465,3751.2,3.023,917,-0.057,-1.015,0.013,-0.1,-4.2,1.1
579515,3751.3,3.023,916,-0.02,-1.001,-0.008,-7.8,9,3.8
579565,3751.2,3.023,917,-0.115,-0.987,-0.053,-20.3,26.7,9.3
579615,3751.3,3.023,916,-0.065,-1.006,-0.024,-21.6,30,8.8
579665,3750.1,3.022,920,-0.142,-1.003,-0.027,-26.7,19.7,5.3
579715,3750.8,3.023,918,-0.096,-0.946,-0.123,-34.4,31,1.4
579765,3749.8,3.022,921,-0.102,-1.124,-0.059,-22,-19.6,-21.5
579815,3749.4,3.021,922,-0.044,-1.027,-0.121,-30.7,14.4,-13.8
579865,3747.9,3.02,926,-0.064,-1.042,-0.179,-28.8,-5.2,-20.8
579915,3746.3,3.019,931,-0.091,-1.037,-0.141,-32.8,-26.3,-26.3
579965,3743.9,3.017,938,0.03,-0.977,-0.129,-35.2,-20.7,-30.6
580015,3743.3,3.017,940,0.068,-1.032,-0.229,-30.6,-0.9,-26.1
580065,3741.1,3.015,946,0.007,-1.036,-0.273,-37.9,3.9,-35.8
580115,3740,3.014,949,0.089,-1.013,-0.282,-35.1,-8.6,-37.9
580165,3738.2,3.012,955,0.085,-0.854,-0.353,-38.1,0.9,-31.3
580215,3736.6,3.011,959,0.014,-0.975,-0.351,-30.1,-1.3,-31.4
580265,3735,3.01,964,0.07,-0.938,-0.226,-17.9,31.3,-35.6
580315,3733.9,3.009,967,0.451,-0.752,-0.371,-8.3,63.8,-54.1
580365,3732.7,3.008,971,0.089,-1.064,-0.467,-4.5,-16.5,-34
580415,3729.9,3.006,979,0.457,-0.807,-0.25,-9.3,27.8,-44.2
580465,3731.9,3.007,973,0.222,-0.893,-0.482,-2.7,29.8,-24.2
580515,3731.8,3.007,973,0.383,-0.848,-0.358,-0.3,43.3,-27.9
580565,3730.6,3.006,977,0.329,-0.878,-0.25,-1,26.5,-35.4
580615,3731.8,3.007,973,0.358,-0.732,-0.31,9.6,24.6,-35.1
580665,3730.4,3.006,977,0.275,-0.865,-0.346,18.1,70.2,-23.7
580715,3730.1,3.006,978,0.506,-0.601,-0.237,44.2,26.9,-0.6
580765,3727.3,3.004,987,0.32,-0.863,-0.208,60.8,65.6,20.6
580815,3727.1,3.004,987,0.547,-0.782,-0.039,71.3,53.7,22.8
580865,3726.7,3.003,988,0.306,-0.899,-0.06,72.8,35.4,51
580915,3725.1,3.002,993,0.446,-0.933,0.085,56.6,26.9,34.6
580965,3724.1,3.001,996,0.421,-0.977,0.098,36.2,13.3,29.9
581015,3722.1,3,1002,0.503,-0.974,0.062,7.2,37.4,20.6
581065,3721.8,2.999,1003,0.24,-0.956,0.112,-0.2,18.9,25.4
581115,3723.6,3.001,998,0.423,-0.914,0.119,5.9,15.6,15.8
581165,3722.4,3,1001,0.221,-0.963,0.133,12,-7.8,19.9
581215,3722.8,3,1000,0.344,-0.971,0.146,11.2,3.2,10.1
581265,3722.6,3,1000,0.313,-1.005,0.144,20.8,-20,13
581315,3722.8,3,1000,0.193,-0.985,0.149,15.1,-17.7,11.8
581365,3722.5,3,1001,0.33,-1.008,0.152,23.1,-13.4,-0.6
581415,3722.7,3,1000,0.237,-0.987,0.117,22.4,-26.1,-1.8
581465,3722.2,3,1002,0.232,-0.985,0.254,23.5,-26.5,-8.1
581515,3721.3,2.999,1004,0.364,-0.943,0.226,30.7,-41.1,-12.2
581565,3720.1,2.998,1008,0.373,-0.912,0.203,29.4,-15,-17.5
581615,3721.1,2.999,1005,0.141,-0.996,0.163,32.5,-24.2,-25.6
581665,3720.1,2.998,1008,0.478,-0.902,0.366,37.2,-11.1,-17.4
581715,3721.7,2.999,1003,0.161,-0.992,0.182,21.2,-7.6,-20.6
581765,3721.2,2.999,1005,0.294,-0.941,0.302,17.4,-28.6,-11.8
581815,3722.1,2.999,1002,0.304,-0.899,0.268,12.4,-30,6.2
581865,3721.4,2.999,1004,0.307,-0.92,0.286,-5.9,-13.6,9.5
581915,3720.1,2.998,1008,0.424,-0.938,0.246,-5.7,-42.6,1.5
581965,3720.4,2.998,1007,0.391,-0.835,0.251,1.9,-36,11.6
582015,3719.8,2.998,1009,0.396,-0.909,0.148,-9,-12.3,0.6
582065,3719.4,2.997,1010,0.422,-0.879,0.248,-7.6,-2.2,-4.2
582115,3721.4,2.999,1004,0.424,-0.892,0.239,-2.4,7.7,-10.7
582165,3718.6,2.997,1012,0.299,-0.937,0.169,3.5,1.1,-6
582215,3719.3,2.997,1010,0.446,-0.9,0.224,-1,-2,-5.5
582265,3719.3,2.997,1010,0.436,-0.842,0.22,2.5,-5.3,-8.3
582315,3719.6,2.997,1009,0.382,-0.874,0.248,6.9,-13.6,4.3
582365,3719.4,2.997,1010,0.432,-0.846,0.204,1.8,-2.3,3.8
582415,3718.3,2.996,1013,0.381,-0.905,0.268,4.4,1.3,2.8
582465,3719.8,2.998,1009,0.44,-0.917,0.288,9.4,-15.3,-0.9
582515,3718.5,2.997,1013,0.477,-0.878,0.23,11.1,-13.2,4.1
582565,3719,2.997,1011,0.412,-0.873,0.226,7.6,-9.7,1.8
582615,3719.9,2.998,1008,0.352,-0.922,0.263,8.8,-10.1,0.8
582665,3720.4,2.998,1007,0.468,-0.863,0.196,10.9,-14.4,5
582715,3721.4,2.999,1004,0.417,-0.89,0.222,2,-2,10.7
582765,3720.9,2.999,1005,0.365,-0.88,0.244,4.1,-0.7,13.4
582815,3722.3,3,1001,0.413,-0.888,0.214,-3.7,13.8,14
582865,3723.4,3.001,998,0.415,-0.919,0.251,-11.8,21.3,6.6
582915,3724.8,3.002,994,0.406,-0.887,0.244,-12.3,16,3.8
582965,3724.6,3.002,994,0.373,-0.912,0.257,-15.4,10.9,3.4
583015,3724.8,3.002,994,0.355,-0.917,0.233,-21.1,20,5.8
583065,3723.8,3.001,997,0.33,-0.924,0.242,-18.6,13.9,12.7
583115,3722.8,3,1000,0.391,-0.882,0.225,-16.9,8.3,14.7
583165,3721.5,2.999,1004,0.289,-0.943,0.221,-20.2,3.7,12.9
583215,3722.6,3,1000,0.344,-0.936,0.204,-12.7,-4.7,7
583265,3719,2.997,1011,0.341,-0.947,0.18,-5.8,-8.4,11.7
583315,3720.5,2.998,1007,0.25,-0.943,0.185,-12.3,-4.3,11.4
583365,3721.1,2.999,1005,0.252,-0.931,0.185,-9.1,-9.9,9.5
583415,3719.3,2.997,1010,0.327,-0.958,0.165,-12,-2.5,20.8
583465,3720.4,2.998,1007,0.226,-0.921,0.139,-17.6,1,26.7
583515,3720.1,2.998,1008,0.218,-0.971,0.137,-23,8.9,21.9
583565,3718,2.996,1014,0.209,-1.006,0.086,-25.2,13.1,25.5
583615,3720.1,2.998,1008,0.183,-0.973,0.097,-33.2,5.9,25.1
583665,3719.5,2.997,1010,0.146,-1.007,0.086,-34,6.2,24.3
583715,3721.4,2.999,1004,0.193,-0.949,0.038,-34.2,-5.9,30.9
583765,3719.1,2.997,1011,0.015,-1.03,0.053,-33.5,-8.9,24.2
583815,3718.9,2.997,1011,0.17,-1.008,-0.016,-31.6,-6.2,21.5
583865,3719.1,2.997,1011,0.125,-1.004,-0.08,-17.1,-5.9,17.7
583915,3721,2.999,1005,0.013,-1.093,0.018,-10.1,-11,0.3
583965,3721.3,2.999,1004,0.235,-0.977,-0.101,-2,-30.9,12.7
584015,3722.3,3,1001,-0.144,-1.159,0.04,-4.6,-26.5,-5
584065,3723.4,3.001,998,0.21,-0.893,-0.098,-6.9,-28.6,1.3
584115,3722.5,3,1001,-0.039,-1.067,-0.08,-2.5,-58,-11.5
584165,3725.3,3.002,993,0.234,-1.03,0.04,-7.8,-130.3,-7.8
584215,3726.9,3.003,988,-0.016,-0.732,-0.022,-9.9,-31.8,15.5
584265,3726.8,3.003,988,-0.144,-1.192,-0.066,-12.1,11.2,2
584315,3731.4,3.007,974,-0.02,-0.792,-0.193,-0.6,-16.4,28.4
584365,3732.5,3.008,971,-0.128,-1.032,-0.163,6.9,1.3,26
584415,3731.7,3.007,974,0.007,-1.004,-0.127,-0.2,-10.9,16.6
584465,3734.2,3.009,966,-0.012,-0.998,-0.152,4.4,-9.7,13.3
584515,3736.2,3.011,960,-0.094,-0.991,-0.089,2.9,-11.8,3.4
584565,3737.7,3.012,956,-0.054,-1.007,-0.101,11.7,-15.8,-5
584615,3738.8,3.013,953,-0.04,-0.998,-0.088,15.3,-45.4,-14.1
584665,3741.3,3.015,945,0.015,-1.024,-0.057,23.9,-47.8,-35.7
584715,3741.2,3.015,946,-0.039,-0.937,-0.018,37,-29.8,-18.4
584765,3743.2,3.016,940,0.027,-0.878,-0.049,21.9,32.5,-27.7
584815,3745.8,3.019,932,-0.079,-1.033,-0.199,5.9,89.8,-14.9
584865,3745,3.018,935,0.017,-1.012,-0.004,-7.6,21.1,3.3
584915,3746.7,3.019,930,0.034,-1.022,-0.022,-0.4,32.8,-1.4
584965,3745.9,3.019,932,-0.041,-1.005,-0.05,-8.3,51.3,-2.4
585015,3746.4,3.019,931,-0.029,-1.046,-0.069,-4.6,21.7,-1
585065,3747.4,3.02,928,0.014,-1.022,-0.017,-3.8,7.8,-5.6
585115,3748.1,3.02,925,0.028,-0.998,0.027,-2.7,14.1,-2.4
585165,3748.8,3.021,924,0.051,-0.995,0.029,2.8,14.2,-5
585215,3748.8,3.021,923,0.024,-1.003,0,8.1,16.3,-6.3
585265,3747.4,3.02,928,0.05,-0.987,0.04,7.1,5.1,-6.5
585315,3747.4,3.02,928,0.039,-1.004,0.005,9.7,-6.1,-5
585365,3748.7,3.021,924,0.107,-1.005,0.067,10.1,-3.7,-5.3
585415,3749.5,3.022,921,0.07,-1.008,0.051,8.7,-1.9,-4.9
585465,3748.4,3.021,925,0.068,-1.01,0.049,9.9,-9,-3.2
585515,3748.8,3.021,923,0.075,-0.992,0.076,6.9,-5.1,-3.3
585565,3749.5,3.022,921,0.072,-0.997,0.081,6.6,-5.2,-2.1
585615,3749.6,3.022,921,0.058,-1.007,0.035,4.8,-4.4,0.6
585665,3749.9,3.022,920,0.054,-1,0.056,5.7,1.1,0.3
585715,3749.7,3.022,921,0.067,-1.001,0.062,1.1,-7,1.8
585765,3749.3,3.021,922,0.072,-1.007,0.075,2.2,2,-2
585815,3749.6,3.022,921,0.04,-1.012,0.044,3.5,7.8,-2.8
585865,3750.4,3.022,919,0.037,-1.005,0.068,2.8,-1.5,-3.8
585915,3750.5,3.022,919,0.098,-1,0.077,1.8,6.7,-3.6
585965,3750.9,3.023,917,0.057,-1.001,0.066,2.9,3.2,-0.8
586015,3751.8,3.023,915,0.1,-0.99,0.087,0.2,-0.2,-0.3
586065,3749.7,3.022,921,0.075,-0.998,0.076,2.1,-2,0.2
586115,3751.3,3.023,916,0.08,-1.001,0.07,0.7,-1.4,0.9
586165,3751.6,3.023,915,0.063,-1.001,0.083,0.7,3.5,0.3
586215,3750.9,3.023,917,0.066,-0.998,0.068,2.3,0.9,0.3
586265,3751.3,3.023,916,0.076,-1.004,0.088,2,3,0.8
586315,3751.9,3.023,915,0.079,-1.001,0.095,0.9,0,0.1
586365,3750.8,3.023,918,0.069,-1.003,0.086,0.8,-1.5,-0.3
586415,3750.8,3.023,918,0.06,-0.999,0.085,0.8,-1.3,0.3
586465,3750.5,3.022,919,0.074,-0.996,0.094,0.9,-3.2,0.3
586515,3752.1,3.024,914,0.078,-0.999,0.089,1,-4.3,1.1
586565,3751.4,3.023,916,0.076,-0.992,0.088,0.7,-4.8,0.6
586615,3749.3,3.021,922,0.052,-0.995,0.081,1.5,-3.1,2.2
586665,3751.3,3.023,916,0.065,-1.005,0.097,1.3,-4.3,3.4
586715,3751.2,3.023,917,0.078,-0.995,0.094,0.3,-6.4,1.4
586765,3751.1,3.023,917,0.049,-1.003,0.081,2.5,-6,1.3
586815,3750.5,3.022,919,0.077,-0.994,0.088,-0.6,-0.4,3.2
586865,3750.3,3.022,919,0.03,-1,0.091,-1.3,-0.6,3.3
586915,3751.6,3.023,915,0.064,-1.005,0.096,-0.6,-0.3,2.4
586965,3750.8,3.023,918,0.07,-1.008,0.093,-0.6,-1.6,1.3
587015,3751.1,3.023,917,0.028,-1.003,0.091,-1,-2.8,1
587065,3750.9,3.023,917,0.065,-1.003,0.093,0.1,-3.3,0.2
587115,3752.4,3.024,913,0.046,-1.006,0.08,-0.6,-3.3,0.2
587165,3752.4,3.024,913,0.037,-1.01,0.084,0.3,-3.6,0
587215,3751.9,3.024,914,0.038,-1.003,0.09,-0.1,-3.9,-0.3
587265,3751.9,3.024,914,0.05,-0.999,0.097,0.3,-3.7,0.5
587315,3752.3,3.024,913,0.056,-1.001,0.084,-0.8,-5,0.3
587365,3752.4,3.024,913,0.044,-1.003,0.069,0.6,-3.4,0.3
587415,3753.4,3.025,910,0.045,-1.001,0.081,-0.4,-1.3,0.7
587465,3751.2,3.023,917,0.045,-1,0.076,0.1,-0.7,0.1
587515,3753.5,3.025,910,0.023,-0.998,0.073,0.8,-1.5,-0.6
587565,3752.3,3.024,913,0.069,-1.004,0.061,2,6.4,-1.6
587615,3752.1,3.024,914,0.036,-0.994,0.089,2,8.4,0.1
587665,3753.3,3.025,911,0.059,-1,0.094,2,5.9,0.3
587715,3753,3.024,911,0.037,-1.011,0.104,1.3,2.1,1.3
587765,3753.4,3.025,910,0.053,-1.009,0.106,0.2,0.5,1.3
587815,3752.1,3.024,914,0.043,-1.011,0.09,-1.6,-2.7,0.7
587865,3752.8,3.024,912,0.033,-1.007,0.079,-2.2,-2.9,0.1
587915,3753.8,3.025,909,0.041,-0.997,0.077,-2.2,-1.5,-0.2
587965,3753,3.024,911,0.026,-0.988,0.085,-1.6,-1.8,1.3
588015,3752.5,3.024,913,0.031,-1.001,0.093,-1.3,-0.6,2.1
588065,3752.2,3.024,914,0.053,-1.002,0.082,-1.8,-1.8,0.5
588115,3752.1,3.024,914,0.029,-0.999,0.071,-1.1,-0.6,0.5
588165,3752.9,3.024,911,0.032,-0.998,0.073,-0.8,3,1.3
588215,3751.9,3.023,915,0.024,-1.006,0.081,-2.2,0.1,1.1
588265,3753,3.024,911,0.035,-1.011,0.076,0.1,-4,-0.1
588315,3752.4,3.024,913,0.031,-1.014,0.08,-1.8,-5,-0.9
588365,3751.5,3.023,916,0.027,-1.019,0.093,-0.8,-8.3,-2
588415,3753.8,3.025,909,0.047,-1,0.073,-0.8,-8.6,-2.6
588465,3755.3,3.026,905,0.042,-0.991,0.052,-1.5,-7.2,-2
588515,3753.4,3.025,910,0.046,-0.99,0.051,0.4,-1,-1
588565,3752.5,3.024,913,0.05,-0.993,0.083,0.8,-0.3,1.7
588615,3753.3,3.025,911,0.047,-1.007,0.086,2.9,-1,0.6
588665,3754.7,3.026,906,0.027,-1.018,0.078,2,0.1,-0.3
588715,3752.8,3.024,912,0.049,-1.008,0.078,1.6,2.9,-0.8
588765,3752.6,3.024,913,0.034,-0.997,0.08,2,-1.8,0.2
588815,3753.6,3.025,910,0.039,-1.002,0.098,-0.1,-3,1.1
588865,3753.8,3.025,909,0.031,-1.005,0.082,-0.3,-6.3,0.8
588915,3752.3,3.024,913,0.035,-0.996,0.072,1.3,-4.4,1.8
588965,3754.3,3.025,907,0.034,-1.001,0.094,2,-5.5,1.3
589015,3752.8,3.024,912,0.027,-1.014,0.087,-2.1,1.3,2.7
589065,3753.3,3.025,911,0.056,-1.001,0.077,0.1,-3.1,0
589115,3753,3.024,911,0.038,-0.999,0.09,0.8,3.8,-0.4
589165,3752.9,3.024,911,0.043,-1.003,0.084,1.3,-2.1,0.8
589215,3752.6,3.024,912,0.045,-1.007,0.069,1.7,-6.7,1.5
589265,3753.9,3.025,909,0.007,-0.995,0.102,-3.3,2.4,1.6
589315,3755.2,3.026,905,0.023,-0.997,0.101,3,-5,2.2
589365,3752.7,3.024,912,0.027,-1.004,0.09,-0.1,-4,3.1
589415,3753.7,3.025,909,0.023,-1,0.085,-0.8,-0.8,3.4
589465,3752.7,3.024,912,0.032,-1,0.082,0.5,-6.2,2.2
589515,3754.5,3.026,907,0.005,-1.02,0.08,-4,5.1,3.5
589565,3753.6,3.025,909,0.029,-1.023,0.098,0.4,4.1,0.3
589615,3753.8,3.025,909,0.017,-0.998,0.076,-2.5,2.7,-1.3
589665,3753.4,3.025,910,0.006,-1.004,0.079,-1,-0.1,-1.5
589715,3755.4,3.026,904,0.005,-1.002,0.09,1.1,-5.3,-1.5
589765,3753.6,3.025,910,0.022,-0.991,0.084,-0.5,3.5,0.8
589815,3754.2,3.025,908,0.023,-1.003,0.078,1.8,-2,-0.1
589865,3753.6,3.025,909,0.022,-1.005,0.082,2,-2.9,0.6
589915,3753.6,3.025,910,0.009,-1.005,0.087,2.6,-5.7,2.7
589965,3755.1,3.026,905,0.018,-1.008,0.088,3.1,-6.6,2.2
590015,3753.7,3.025,909,0.006,-0.998,0.083,2,-6.6,2.5
590065,3752.6,3.024,912,0.02,-1.007,0.088,1.2,-2.2,1.4
590115,3754.6,3.026,907,-0.007,-1.006,0.094,1.6,-4.1,0.6
590165,3754.8,3.026,906,0.011,-1.004,0.084,0,-0.8,1.8
590215,3753.7,3.025,909,0.013,-1.003,0.087,0.3,-4.8,1.2
590265,3753.3,3.025,910,0.003,-0.997,0.077,-0.8,-2.1,0.9
590315,3751.9,3.024,914,0.008,-1.003,0.086,-1.6,0.9,1
590365,3755.2,3.026,905,-0.007,-1.019,0.089,-1.5,-1.5,-0.3
590415,3754.1,3.025,908,0.007,-0.997,0.08,-0.6,-2.7,-1.2
590465,3753.2,3.025,911,0.001,-0.997,0.087,-0.9,1.4,-1
590515,3755.1,3.026,905,-0.003,-1.001,0.09,-0.8,-1.4,-0.6
590565,3753.8,3.025,909,0.009,-1.003,0.077,-0.1,-0.8,-1.5
590615,3754.4,3.026,907,0.005,-0.996,0.085,0.8,1.6,-2.1
590665,3754.5,3.026,907,0.007,-0.997,0.082,1.5,0.6,-2.5
590715,3753.5,3.025,910,0.003,-1.005,0.09,0.2,1.5,-1
590765,3754.3,3.025,907,0.019,-0.998,0.084,0.3,1.1,-1.5
590815,3754.9,3.026,906,0.006,-1.004,0.087,1.3,2.6,-0.4
590865,3753.8,3.025,909,0.014,-1.001,0.089,1.8,-0.2,-0.8
590915,3755.7,3.027,903,0.004,-1.004,0.096,0.3,1.5,0.5
590965,3753.2,3.025,911,0.022,-0.998,0.092,-0.2,0.8,-0.1
591015,3754.1,3.025,908,0.018,-1,0.082,0.8,0.1,-0.8
591065,3755.1,3.026,905,-0.004,-1.002,0.083,1.3,1.6,0.3
591115,3755.8,3.027,903,0.017,-1.004,0.091,1.7,0.7,0.1
591165,3756.1,3.027,902,-0.002,-1.004,0.099,2.6,1.1,0.8