t_ms,raw,volts,ohms
36300,3831.6,3.088,688.0
36350,3833.2,3.089,683.0
36400,3835.3,3.091,677.0
36450,3831.3,3.088,688.0
36500,3832.4,3.088,685.0
36550,3834.9,3.09,678.0
36600,3835.7,3.091,676.0
36650,3834.4,3.09,680.0
36700,3834.6,3.09,679.0
36750,3831.3,3.088,688.0
36800,3833.4,3.089,682.0
36850,3835.3,3.091,677.0
36900,3833.5,3.089,682.0
36950,3835.3,3.091,677.0
37000,3834.6,3.09,679.0
37050,3835.3,3.091,677.0
37100,3834.1,3.09,680.0
37150,3835.8,3.091,676.0
37200,3833.8,3.09,681.0
37250,3836.8,3.092,673.0
37300,3836.3,3.091,674.0
37350,3836.3,3.092,674.0
37400,3832.1,3.088,686.0
37450,3835.8,3.091,676.0
37500,3834.3,3.09,680.0
37550,3835.4,3.091,677.0
37600,3834.4,3.09,680.0
37650,3834.4,3.09,680.0
37700,3833.6,3.089,682.0
37750,3834.3,3.09,680.0
37800,3833.9,3.09,681.0
37850,3836.6,3.092,673.0
37900,3834.8,3.09,678.0
37950,3835.3,3.091,677.0
38000,3837.8,3.093,670.0
38050,3836.8,3.092,673.0
38100,3834.4,3.09,680.0
38150,3834.9,3.09,678.0
38200,3834.3,3.09,680.0
38250,3834.8,3.09,679.0
38300,3837.9,3.093,670.0
38350,3836.3,3.092,674.0
38400,3836.4,3.092,674.0
38450,3836.8,3.092,673.0
38500,3833.8,3.089,681.0
38550,3837.1,3.092,672.0
38600,3837.0,3.092,672.0
38650,3834.3,3.09,680.0
38700,3835.0,3.09,678.0
38750,3834.9,3.09,678.0
38800,3837.4,3.092,671.0
38850,3836.1,3.091,675.0
38900,3835.2,3.091,677.0
38950,3833.4,3.089,682.0
39000,3836.6,3.092,674.0
39050,3837.8,3.093,670.0
39100,3837.1,3.092,672.0
39150,3836.5,3.092,674.0
39200,3835.7,3.091,676.0
39250,3838.9,3.094,667.0
39300,3837.4,3.092,671.0
39350,3832.6,3.089,685.0
39400,3838.8,3.094,667.0
39450,3836.8,3.092,673.0
39500,3834.6,3.09,679.0
39550,3836.9,3.092,673.0
39600,3837.4,3.092,671.0
39650,3838.7,3.093,668.0
39700,3834.8,3.09,679.0
39750,3835.9,3.091,676.0
39800,3838.6,3.093,668.0
39850,3837.1,3.092,672.0
39900,3834.4,3.09,680.0
39950,3839.8,3.094,665.0
40000,3837.4,3.092,671.0
40050,3836.6,3.092,673.0
40100,3838.8,3.094,667.0
40150,3837.6,3.093,671.0
40200,3832.6,3.089,685.0
40250,3835.6,3.091,676.0
40300,3834.5,3.09,679.0
40350,3837.3,3.092,672.0
40400,3834.4,3.09,680.0
40450,3835.4,3.091,677.0
40500,3836.0,3.091,675.0
40550,3835.8,3.091,676.0
40600,3836.6,3.092,673.0
40650,3837.1,3.092,672.0
40700,3839.7,3.094,665.0
40750,3837.4,3.092,671.0
40800,3837.8,3.093,670.0
40850,3841.5,3.096,660.0
40900,3836.3,3.092,674.0
40950,3839.6,3.094,665.0
41000,3837.4,3.092,671.0
41050,3838.4,3.093,669.0
41100,3834.1,3.09,681.0
41150,3838.4,3.093,669.0
41200,3837.1,3.092,672.0
41250,3836.9,3.092,673.0
41300,3837.8,3.093,670.0
41350,3835.6,3.091,676.0
41400,3837.1,3.092,672.0
41450,3837.1,3.092,672.0
41500,3837.1,3.092,672.0
41550,3837.9,3.093,670.0
41600,3837.3,3.092,672.0
41650,3838.4,3.093,668.0
41700,3837.1,3.092,672.0
41750,3835.9,3.091,675.0
41800,3837.8,3.093,670.0
41850,3837.6,3.093,671.0
41900,3837.9,3.093,670.0
41950,3835.3,3.091,677.0
42000,3838.0,3.093,670.0
42050,3836.6,3.092,673.0
42100,3841.3,3.096,660.0
42150,3838.7,3.093,668.0
42200,3835.1,3.091,678.0
42250,3839.1,3.094,666.0
42300,3838.9,3.094,667.0
42350,3838.9,3.094,667.0
42400,3838.1,3.093,669.0
42450,3837.1,3.092,672.0
42500,3838.6,3.093,668.0
42550,3835.5,3.091,677.0
42600,3841.9,3.096,659.0
42650,3837.4,3.092,671.0
42700,3836.8,3.092,673.0
42750,3836.8,3.092,673.0
42800,3836.3,3.091,674.0
42850,3839.9,3.094,664.0
42900,3834.3,3.09,680.0
42950,3836.3,3.092,674.0
43000,3834.9,3.09,678.0
43050,3838.8,3.093,668.0
43100,3840.0,3.095,664.0
43150,3837.2,3.092,672.0
43200,3837.6,3.093,671.0
43250,3836.4,3.092,674.0
43300,3840.0,3.095,664.0
43350,3840.0,3.095,664.0
43400,3836.8,3.092,673.0
43450,3839.3,3.094,666.0
43500,3839.1,3.094,667.0
43550,3838.6,3.093,668.0
43600,3836.4,3.092,674.0
43650,3840.2,3.095,664.0
43700,3832.3,3.088,685.0
43750,3839.1,3.094,666.0
43800,3837.8,3.093,670.0
43850,3838.5,3.093,668.0
43900,3836.3,3.092,674.0
43950,3838.5,3.093,668.0
44000,3836.4,3.092,674.0
44050,3839.4,3.094,666.0
44100,3841.0,3.095,661.0
44150,3836.8,3.092,673.0
44200,3839.4,3.094,666.0
44250,3836.3,3.092,674.0
44300,3838.2,3.093,669.0
44350,3837.0,3.092,672.0
44400,3837.6,3.093,671.0
44450,3836.3,3.091,674.0
44500,3837.6,3.093,671.0
44550,3837.6,3.093,671.0
44600,3839.6,3.094,665.0
44650,3838.6,3.093,668.0
44700,3840.8,3.095,662.0
44750,3837.2,3.092,672.0
44800,3833.3,3.089,683.0
44850,3835.5,3.091,677.0
44900,3835.9,3.091,675.0
44950,3842.6,3.097,657.0
45000,3837.3,3.092,672.0
45050,3837.3,3.092,672.0
45100,3836.1,3.091,675.0
45150,3834.6,3.09,679.0
45200,3838.8,3.094,667.0
45250,3834.5,3.09,679.0
45300,3837.9,3.093,670.0
45350,3839.1,3.094,666.0
45400,3834.3,3.09,680.0
45450,3838.1,3.093,669.0
45500,3836.7,3.092,673.0
45550,3835.7,3.091,676.0
45600,3836.8,3.092,673.0
45650,3842.3,3.096,658.0
45700,3840.2,3.095,664.0
45750,3837.9,3.093,670.0
45800,3840.7,3.095,662.0
45850,3836.1,3.091,675.0
45900,3836.6,3.092,673.0
45950,3837.6,3.093,671.0
46000,3835.6,3.091,676.0
46050,3839.6,3.094,665.0
46100,3836.8,3.092,673.0
46150,3838.3,3.093,669.0
46200,3842.3,3.096,658.0
46250,3838.1,3.093,669.0
46300,3835.2,3.091,677.0
46350,3837.3,3.092,672.0
46400,3839.3,3.094,666.0
46450,3838.5,3.093,668.0
46500,3839.1,3.094,667.0
46550,3836.9,3.092,673.0
46600,3837.2,3.092,672.0
46650,3835.6,3.091,676.0
46700,3838.1,3.093,669.0
46750,3837.6,3.093,671.0
46800,3834.3,3.09,680.0
46850,3839.3,3.094,666.0
46900,3835.6,3.091,676.0
46950,3839.8,3.094,665.0
47000,3837.1,3.092,672.0
47050,3838.1,3.093,669.0
47100,3839.2,3.094,666.0
47150,3838.1,3.093,669.0
47200,3836.8,3.092,673.0
47250,3837.8,3.093,670.0
47300,3839.3,3.094,666.0
47350,3837.3,3.092,672.0
47400,3838.4,3.093,669.0
47450,3834.1,3.09,680.0
47500,3837.5,3.092,671.0
47550,3837.1,3.092,672.0
47600,3835.2,3.091,677.0
47650,3838.8,3.094,667.0
47700,3838.9,3.094,667.0
47750,3838.0,3.093,670.0
47800,3840.2,3.095,664.0
47850,3839.0,3.094,667.0
47900,3839.1,3.094,666.0
47950,3839.9,3.094,664.0
48000,3838.6,3.093,668.0
48050,3837.3,3.092,672.0
48100,3834.4,3.09,680.0
48150,3837.2,3.092,672.0
48200,3835.1,3.091,678.0
48250,3837.3,3.092,672.0
48300,3837.9,3.093,670.0
48350,3837.2,3.092,672.0
48400,3841.4,3.096,660.0
48450,3836.9,3.092,673.0
48500,3840.2,3.095,664.0
48550,3839.3,3.094,666.0
48600,3839.1,3.094,667.0
48650,3834.9,3.09,678.0
48700,3838.4,3.093,668.0
48750,3839.1,3.094,667.0
48800,3840.5,3.095,663.0
48850,3839.0,3.094,667.0
48900,3837.6,3.093,671.0
48950,3836.8,3.092,673.0
49000,3836.8,3.092,673.0
49050,3837.9,3.093,670.0
49100,3834.8,3.09,678.0
49150,3838.6,3.093,668.0
49200,3835.7,3.091,676.0
49250,3837.9,3.093,670.0
49300,3838.4,3.093,668.0
49350,3834.9,3.09,678.0
49400,3838.9,3.094,667.0
49450,3839.9,3.094,664.0
49500,3836.3,3.092,674.0
49550,3837.4,3.092,671.0
49600,3836.4,3.092,674.0
49650,3836.1,3.091,675.0
49700,3834.4,3.09,680.0
49750,3838.9,3.094,667.0
49800,3835.6,3.091,676.0
49850,3839.1,3.094,667.0
49900,3837.9,3.093,670.0
49950,3839.6,3.094,665.0
50000,3836.5,3.092,674.0
50050,3835.8,3.091,676.0
50100,3839.1,3.094,667.0
50150,3838.6,3.093,668.0
50200,3834.8,3.09,679.0
50250,3839.9,3.094,664.0
50300,3841.4,3.096,660.0
50350,3838.0,3.093,670.0
50400,3839.3,3.094,666.0
50450,3840.4,3.095,663.0
50500,3839.1,3.094,667.0
50550,3836.7,3.092,673.0
50600,3834.1,3.09,681.0
50650,3838.6,3.093,668.0
50700,3837.3,3.092,672.0
50750,3835.8,3.091,676.0
50800,3838.4,3.093,668.0
50850,3837.6,3.093,671.0
50900,3837.4,3.092,671.0
50950,3835.6,3.091,676.0
51000,3837.9,3.093,670.0
51050,3839.3,3.094,666.0
51100,3838.6,3.093,668.0
51150,3837.3,3.092,672.0
51200,3836.9,3.092,673.0
51250,3837.2,3.092,672.0
51300,3840.9,3.095,662.0
51350,3839.7,3.094,665.0
51400,3838.2,3.093,669.0
51450,3838.3,3.093,669.0
51500,3838.6,3.093,668.0
51550,3838.9,3.094,667.0
51600,3835.8,3.091,676.0
51650,3836.8,3.092,673.0
51700,3835.7,3.091,676.0
51750,3834.5,3.09,679.0
51800,3838.1,3.093,669.0
51850,3835.1,3.091,678.0
51900,3837.7,3.093,670.0
51950,3836.3,3.092,674.0
52000,3839.4,3.094,666.0
52050,3837.2,3.092,672.0
52100,3838.2,3.093,669.0
52150,3840.0,3.095,664.0
52200,3837.1,3.092,672.0
52250,3839.8,3.094,665.0
52300,3841.7,3.096,659.0
52350,3837.3,3.092,672.0
52400,3837.9,3.093,670.0
52450,3839.3,3.094,666.0
52500,3838.3,3.093,669.0
52550,3841.1,3.095,661.0
52600,3841.1,3.095,661.0
52650,3837.4,3.092,671.0
52700,3839.7,3.094,665.0
52750,3839.4,3.094,666.0
52800,3840.8,3.095,662.0
52850,3837.7,3.093,670.0
52900,3838.4,3.093,668.0
52950,3836.8,3.092,673.0
53000,3835.4,3.091,677.0
53050,3841.6,3.096,660.0
53100,3837.3,3.092,672.0
53150,3838.3,3.093,669.0
53200,3836.9,3.092,673.0
53250,3839.3,3.094,666.0
53300,3838.9,3.094,667.0
53350,3837.8,3.093,670.0
53400,3839.9,3.094,664.0
53450,3839.2,3.094,666.0
53500,3836.8,3.092,673.0
53550,3838.3,3.093,669.0
53600,3838.3,3.093,669.0
53650,3836.9,3.092,673.0
53700,3837.8,3.093,670.0
53750,3838.6,3.093,668.0
53800,3840.5,3.095,663.0
53850,3838.9,3.094,667.0
53900,3837.4,3.092,671.0
53950,3836.7,3.092,673.0
54000,3839.0,3.094,667.0
54050,3837.3,3.092,672.0
54100,3834.4,3.09,680.0
54150,3837.4,3.092,671.0
54200,3839.9,3.094,664.0
54250,3838.6,3.093,668.0
54300,3841.4,3.096,660.0
54350,3836.5,3.092,674.0
54400,3837.1,3.092,672.0
54450,3838.1,3.093,669.0
54500,3839.0,3.094,667.0
54550,3835.4,3.091,677.0
54600,3839.3,3.094,666.0
54650,3836.1,3.091,675.0
54700,3838.4,3.093,668.0
54750,3836.1,3.091,675.0
54800,3836.6,3.092,673.0
54850,3838.0,3.093,670.0
54900,3839.9,3.094,664.0
54950,3838.8,3.093,668.0
55000,3836.9,3.092,673.0
55050,3838.0,3.093,670.0
55100,3838.8,3.094,667.0
55150,3838.6,3.093,668.0
55200,3839.5,3.094,665.0
55250,3838.1,3.093,669.0
55300,3840.2,3.095,664.0
55350,3838.3,3.093,669.0
55400,3835.3,3.091,677.0
55450,3837.6,3.093,671.0
55500,3838.4,3.093,668.0
55550,3838.8,3.094,667.0
55600,3839.7,3.094,665.0
55650,3837.3,3.092,672.0
55700,3839.6,3.094,665.0
55750,3840.9,3.095,662.0
55800,3837.0,3.092,672.0
55850,3837.6,3.093,671.0
55900,3842.1,3.096,658.0
55950,3837.4,3.092,671.0
56000,3840.0,3.095,664.0
56050,3839.5,3.094,665.0
56100,3837.3,3.092,672.0
56150,3840.3,3.095,663.0
56200,3837.0,3.092,672.0
56250,3836.6,3.092,674.0